,BDB2020+-Mean,BDB2020+-STD,EGFR-Mean,EGFR-STD,LP-Test-Mean,LP-Test-STD,LP-Val-Mean,LP-Val-STD,M$^{pro}$-Mean,M$^{pro}$-STD,Peptide-Holdout-Mean,Peptide-Holdout-STD
RP,0.45316458374932606,0.02487481207349976,0.001976346442325376,0.07242525670008633,0.5060113938925039,0.011427280830180233,0.4623390282542733,0.01936089796039546,0.37358024571085746,0.09127813139949453,0.22711216276233714,0.026784342122390104
SP,0.31284328430665914,0.04562964310221602,0.07636261247744536,0.10844830038702044,0.45762646519540173,0.010234935399365992,0.41834782983961605,0.031662693002212715,0.3377804954634155,0.04332747170084311,0.22115108990550078,0.024454585564730354
MSE,1.5124022904167114,0.10535466556263894,1.1884133259713943,0.12460268239951694,2.551822583869077,0.03298875486863569,2.522682462155989,0.06373210819317558,0.8176999531597563,0.06908245899532695,3.6250232016454156,0.13789369807584081
RMSE,1.22902860633389,0.04348534499906262,1.08865865738744,0.05688280642488623,1.5974091732225868,0.010320715741083291,1.5881695031432401,0.020002285912931975,0.9034638111359541,0.03811948487916972,1.9036078831358374,0.03605868700483557
MAE,1.0070403017439282,0.05073847742083593,0.9065635204315186,0.047436869086589104,1.2833816739623325,0.010771118698981097,1.2763614108501855,0.022106033738659735,0.735407147584138,0.03993994785599055,1.592193573729972,0.035445011779943754
Q95,2.336622619628906,0.12482445089218244,1.9558096075057982,0.11429946227458251,3.145509572029114,0.03354958918154173,3.0027711153030383,0.042379205785510035,1.7041911983489988,0.06802002717964598,3.4214185905456547,0.06437615854739606
