,BDB2020+-Mean,BDB2020+-STD,EGFR-Mean,EGFR-STD,LP-Test-Mean,LP-Test-STD,LP-Val-Mean,LP-Val-STD,M$^{pro}$-Mean,M$^{pro}$-STD,Peptide-Holdout-Mean,Peptide-Holdout-STD
RP,0.3015316982901719,0.056805358399672504,0.29238514214872313,0.10315648401362902,0.46675180480602857,0.027806342416611705,0.5078867578070392,0.020087219637812095,0.5450484310426518,0.11884922167437137,0.15475331367840076,0.020123995632702934
SP,0.25712543194106285,0.10382901252136635,0.2887979534282405,0.08097029297102644,0.4234484649929757,0.023234352320280895,0.5102016237298335,0.020023600233161663,0.4911006010506599,0.1746485733388617,0.1306135548839101,0.019439167572132696
MSE,1.589528580535538,0.15354947796445076,0.8060165081167291,0.1303357797189112,2.6987171747830976,0.1049441353568355,2.3770043906253093,0.061654363711813584,0.5299948932090788,0.1654992165240941,3.1155051023911615,0.17220753105837305
RMSE,1.259286878906553,0.06103390163941913,0.8949288137331731,0.07154667334589745,1.6424702958816504,0.031756919396277554,1.5416241234245487,0.019986312836576293,0.7193996813001704,0.11161985376397927,1.7644039292639662,0.04882496071722211
MAE,1.0205057148460868,0.0631311105817628,0.7669847271659157,0.058428417943860764,1.306435515789097,0.023705831684040578,1.2094543543912597,0.01916357476686075,0.5793203636452005,0.09640488867403117,1.45247828055514,0.04837615553867164
Q95,2.399878740310669,0.19156086360963168,1.5698146057128906,0.13742777143923185,3.224680299758912,0.08205594324015383,2.9920464205741872,0.07233657859929274,1.367511167526245,0.23961579910418243,3.2947555160522457,0.09532157525752061
