,BDB2020+-Mean,BDB2020+-STD,EGFR-Mean,EGFR-STD,LP-Test-Mean,LP-Test-STD,LP-Val-Mean,LP-Val-STD,M$^{pro}$-Mean,M$^{pro}$-STD,Peptide-Holdout-Mean,Peptide-Holdout-STD
RP,0.47639012573495176,0.03535207815541214,0.2945892371718936,0.05833975056871664,0.43442760626750954,0.010995463082999195,0.5562440830208015,0.007167969120878643,0.6178048545021072,0.047601784454615326,0.31188077086685684,0.009020530958238132
SP,0.4217060322845729,0.03680588160045249,0.26286360833582156,0.0711139635604387,0.39366668059972026,0.011652247633012532,0.5501069190187551,0.00826724153265544,0.6007021898714897,0.035923263364931006,0.2867042316993403,0.008233562482678099
MSE,1.5485226426125727,0.17632437665167533,0.8900655916160656,0.1607103528338859,3.013803830285424,0.03346521560151762,2.3869600466238654,0.05951882886996344,0.7115407790250696,0.14813385579617772,4.352557340618389,0.15945856527825342
RMSE,1.2424142232881428,0.07021068568169118,0.9397173105071952,0.08364788072144552,1.7360044500780032,0.009611430423970778,1.5448595557569975,0.01920936256511308,0.8388460746054491,0.08875833563164034,2.0859265870367865,0.03830945198579085
MAE,0.946440110765062,0.055672571377408504,0.7745296174829657,0.06090730624397758,1.3748772334898174,0.00453354641207977,1.2152798186419373,0.014590155377979879,0.7035728701838739,0.087406940689044,1.6884518835480766,0.02918761573096157
Q95,2.6452407836914062,0.11842871141461651,1.6681273317337033,0.2027225512363175,3.4243447971344,0.04553271672889829,2.9907404279708856,0.0429165096167397,1.3752418041229248,0.060594677198676186,4.013743238449097,0.08968725049056737
