,BDB2020+-Mean,BDB2020+-STD,EGFR-Mean,EGFR-STD,LP-Test-Mean,LP-Test-STD,LP-Val-Mean,LP-Val-STD,M$^{pro}$-Mean,M$^{pro}$-STD,Peptide-Holdout-Mean,Peptide-Holdout-STD
RP,-0.07024327677513242,0.015558664827769467,0.08288325899691514,0.05756297757148483,-0.04203036799045261,0.012129652166583963,0.5525988915098144,0.013605363827197356,0.5545141876835102,0.03494672697268417,0.006116101379555416,0.010111449159589532
SP,-0.050346410248672924,0.03773011164983992,0.044394240685852106,0.08164661050298352,-0.0432723829142673,0.009791611344574624,0.5488677106421787,0.017170294380922838,0.5108838404812721,0.05502923990944399,0.005340999001889358,0.0050429886578157255
MSE,2.313267540899579,0.1742091401408959,0.931478946198858,0.23965521159169573,4.85811131083266,0.24026785346030421,2.241994654129395,0.03973386054437988,1.34813539283149,0.5032887910055867,7.063371838508729,2.0226650338811396
RMSE,1.519849690690299,0.05765811831980849,0.957805763322957,0.11868894617522663,2.203454359759784,0.05385346124681126,1.4972706509912557,0.013238270642973492,1.144525179155126,0.1954418253890829,2.631717607753166,0.37072128553764044
MAE,1.153705102903349,0.02396622584098112,0.7849626497788862,0.10718418427302213,1.7604128023126417,0.044878574091502685,1.1915072349673612,0.016857950249741585,0.9968769921196831,0.18532973045294965,2.1081002049097477,0.2743002503323262
Q95,3.2405538082122805,0.27949895680635617,1.7118108749389649,0.186314498440291,4.247522459030153,0.11750872374324652,2.9265398073196405,0.04314382799002924,1.853641309738159,0.2930211988958847,5.0040898990631115,0.6348027851115594
