,Label-ShapiroW,Label-ShapiroP,Label-Skeweness,Label-Kurtosis,Pred-ShapiroW,Pred-ShapiroP,Pred-Skeweness,Pred-Kurtosis,Residual-ShapiroW,Residual-ShapiroP,Residual-Skeweness,Residual-Kurtosis
BDB2020+,0.938186526298523,6.369248148985207e-05,-1.0548362993194575,1.8033570902307696,0.8245195627212525,5.928351941608566e-05,-1.6394767192443207,2.997561971895442,0.9539387226104736,0.0008957010810263455,-0.8942589116261693,2.168698922769989
EGFR,0.9641280770301819,0.5769082307815552,-0.33477885224384774,-0.7538281879806714,0.6766887545585633,0.0006092838705740178,-2.3428609904553053,5.76786602301899,0.9816524267196656,0.9227368474006653,-0.07725049581502877,-0.6055931538130657
LP-Test,0.9894024729728699,1.5805950298597438e-11,-0.3211548261644818,-0.1839485709059807,0.914139473438263,2.700423134873057e-27,-0.7749145523866838,-0.2299783995569374,0.9984066486358643,0.08539594095200301,-0.08804793375090954,-0.09082847633563089
LP-Val,0.9957863092422485,0.011153574101626873,-0.19245664667789408,-0.12015025435480764,0.8911391615867614,1.604798531885282e-20,-0.9515300857428866,0.10772562671376482,0.9981816649436951,0.4508162081241608,-0.0111139096999809,-0.09041567440020408
M$^{pro}$,0.9539331793785095,0.2666473984718323,0.43874083434726563,-0.707961664003359,0.876300847530365,0.030917879116896075,-0.5709696332882409,-0.7940538444781859,0.9638208150863647,0.4825247526168823,0.04894031948899273,-0.517593193045724
Peptide-Holdout,0.9859612584114075,5.19141157064593e-15,0.5010056819508926,0.6592905966503833,0.8381834387779236,1.897323724423697e-37,-1.5743083397649962,2.746846705502752,0.9845396161079407,3.746351810604669e-15,0.5191532062547399,0.43866900155027644
