,Label-ShapiroW,Label-ShapiroP,Label-Skeweness,Label-Kurtosis,Pred-ShapiroW,Pred-ShapiroP,Pred-Skeweness,Pred-Kurtosis,Residual-ShapiroW,Residual-ShapiroP,Residual-Skeweness,Residual-Kurtosis
BDB2020+,0.938186526298523,6.369248148985207e-05,-1.0548362993194575,1.8033570902307696,0.9477576613426208,0.1967543860299827,-0.9138830431536684,2.441226485612183,0.962818729877472,0.026357642299262806,-0.6645799994436383,1.2237790420395498
EGFR,0.9641280770301819,0.5769082307815552,-0.33477885224384774,-0.7538281879806714,0.9418903589248657,0.3851455248892307,-0.14389118336811535,-0.6432099228781312,0.9640354037284851,0.5948811650276185,-0.2854409640898264,-0.7990521647002489
LP-Test,0.9894024729728699,1.5805950298597438e-11,-0.3211548261644818,-0.1839485709059807,0.9921634316444397,6.267130768398618e-08,-0.22739143189678854,-0.3216962856689044,0.9993266463279724,0.6419556081295014,0.04618723267308177,-0.04626352206552316
LP-Val,0.9957863092422485,0.011153574101626873,-0.19245664667789408,-0.12015025435480764,0.9886160850524902,5.947571937170437e-06,-0.36950925484901564,0.08625317052049972,0.9964552044868469,0.05541775329038501,0.04015082700272297,0.40026248746580223
M$^{pro}$,0.9539331793785095,0.2666473984718323,0.43874083434726563,-0.707961664003359,0.9683135032653809,0.5740078568458558,-0.009818789598976408,0.15911557482967567,0.9698379755020141,0.6113427639007568,0.03712636317177425,-0.46312523795083377
Peptide-Holdout,0.9859612584114075,5.19141157064593e-15,0.5010056819508926,0.6592905966503833,0.972408139705658,2.6475580948561828e-17,-0.4889239128103937,1.5103954342206622,0.9866303563117981,1.9933778316755527e-14,0.48864794222956265,0.4702537700539443
