,Label-ShapiroW,Label-ShapiroP,Label-Skeweness,Label-Kurtosis,Pred-ShapiroW,Pred-ShapiroP,Pred-Skeweness,Pred-Kurtosis,Residual-ShapiroW,Residual-ShapiroP,Residual-Skeweness,Residual-Kurtosis
BDB2020+,0.938186526298523,6.369248148985207e-05,-1.0548362993194575,1.8033570902307696,0.9474709630012512,0.0007626010003150441,-0.7844885162346845,0.28868910540989046,0.9811929106712342,0.13500558510422705,-0.0646070850817749,0.6031361076329688
EGFR,0.9641280770301819,0.5769082307815552,-0.33477885224384774,-0.7538281879806714,0.9234882235527039,0.2078118734061718,0.6831464246354306,-0.22122525213249328,0.969353973865509,0.6771274209022522,0.08066226911397002,-0.8935528566038655
LP-Test,0.9894024729728699,1.5805950298597438e-11,-0.3211548261644818,-0.1839485709059807,0.9965484380722046,0.00027059660314989744,-0.034113945206432315,-0.3106521966884368,0.997751796245575,0.006745738920290023,0.13619342732516654,-0.11798586361749672
LP-Val,0.9957863092422485,0.011153574101626873,-0.19245664667789408,-0.12015025435480764,0.9912931084632873,0.00022147404345105315,-0.2050164325733684,-0.3809394702806722,0.9945746779441833,0.0018665266456082464,0.2009573069206398,0.4247877280346219
M$^{pro}$,0.9539331793785095,0.2666473984718323,0.43874083434726563,-0.707961664003359,0.9738570809364319,0.6974591970443725,-0.016862554150621007,-0.7358817834673089,0.9733816027641297,0.6922605752944946,0.3145299752584165,-0.07834342863779158
Peptide-Holdout,0.9859612584114075,5.19141157064593e-15,0.5010056819508926,0.6592905966503833,0.9970262885093689,0.000377888716502639,0.14855415273090694,0.2387850017731818,0.9993195533752441,0.5527466386556625,0.052282188544747775,0.09971845966224713
