,Label-ShapiroW,Label-ShapiroP,Label-Skeweness,Label-Kurtosis,Pred-ShapiroW,Pred-ShapiroP,Pred-Skeweness,Pred-Kurtosis,Residual-ShapiroW,Residual-ShapiroP,Residual-Skeweness,Residual-Kurtosis
BDB2020+,0.938186526298523,6.369248148985207e-05,-1.0548362993194575,1.8033570902307696,0.8997950077056884,2.835373904149785e-05,-1.056105247164501,1.8113179582135026,0.9655568122863769,0.03104013533447869,-0.4898396127704122,1.1763046097465684
EGFR,0.9641280770301819,0.5769082307815552,-0.33477885224384774,-0.7538281879806714,0.9635498642921447,0.6074620306491851,0.21714951703992255,0.1865340162459904,0.977275800704956,0.8226895332336426,-0.3938722176312623,-0.28533577091691587
LP-Test,0.9894024729728699,1.5805950298597438e-11,-0.3211548261644818,-0.1839485709059807,0.9747659921646118,3.3937426517817997e-16,-0.16637887574610244,2.0830707112784115,0.9932660579681396,2.6814211292073064e-06,-0.2798663538658954,0.15566171886018249
LP-Val,0.9957863092422485,0.011153574101626873,-0.19245664667789408,-0.12015025435480764,0.9746819376945496,1.2050374486640076e-05,-0.4662489356337722,-0.05926448020929076,0.9967250108718873,0.4409532082194346,0.1406532568387982,0.10144476777329273
M$^{pro}$,0.9539331793785095,0.2666473984718323,0.43874083434726563,-0.707961664003359,0.959401535987854,0.4162031814455986,-0.19672690122940134,-0.7274476240143846,0.9628442168235779,0.4407973110675812,0.4418368455631739,-0.2925811193675987
Peptide-Holdout,0.9859612584114075,5.19141157064593e-15,0.5010056819508926,0.6592905966503833,0.9401792168617249,2.7776970057778168e-09,1.2456622230542864,21.748060335283967,0.9805330395698547,0.016985701677054443,-0.41514601413765806,8.532421713726686
